model,horizon_day,WAPE,MAE,RMSE,Biais,MASE
ets,1,0.07987810088564821,426.11563423705957,653.0724132086734,0.001004292349862683,0.5319067576078288
ets,2,0.10478539418622101,410.9572814996564,611.1691270281738,0.053519262361465175,0.517164424692354
ets,3,0.11540672253187219,600.4411442757415,1049.2926372719226,0.011096033507045104,0.7057270059358739
ets,4,0.11411904956995614,718.0872458595281,981.1171076582739,0.10250716056967087,0.8770656900737929
ets,5,0.075811850708379,556.5738779367023,896.6417759440475,0.02050071870494852,0.694147285955992
ets,6,0.12536726292919034,589.3799950042002,831.834982505481,0.11384365461381064,0.7192239672358132
ets,7,0.13660757211188732,548.0785863244532,790.8025715578934,0.12699206259018592,0.6806054132684185
ets,8,0.11813105700802912,570.987472810969,816.948260720815,0.10526097027919112,0.6983430171037632
ets,9,0.12803476279707884,500.2249707593914,740.8053538343954,0.05814730665073996,0.5979380556154585
ets,10,0.1021291362350692,530.2760782925853,807.7208679425389,0.013608072730107827,0.6638767266123922
ets,11,0.15934987700786224,1088.4701106751158,1654.3854306103462,0.015965407523526504,1.2919195214500458
ets,12,0.19437290928973391,1466.7190773039881,2212.356226417224,-0.006840087595847352,1.713863712718707
ets,13,0.10751539988849973,555.5249347398836,839.9014447642472,0.01388515291263253,0.6595130459080827
ets,14,0.11011420685529111,509.8714174274505,892.9879155929402,-0.023021025885515134,0.6035905532958845
lightgbm,1,0.06740217452483079,359.56188277087097,557.288421737718,-0.018054454665299053,0.44206035806140054
lightgbm,2,0.08222077903266937,322.4612370498955,495.5731620980525,0.0013054582505203402,0.42587349318741313
lightgbm,3,0.0779686904245566,405.65756196111215,706.0453570675053,-0.018457690256122154,0.5147931307364474
lightgbm,4,0.06751037904904678,424.8049939159813,702.7802362045995,0.006494315067673729,0.5516491150659983
lightgbm,5,0.08871433989962758,651.2977024721707,1034.7710162731182,-0.04336728284490535,0.7658799286520683
lightgbm,6,0.06530532875931569,307.0151923126276,449.7854948414131,0.003150248039584828,0.4304635392641724
lightgbm,7,0.07605556995442836,305.1399612649755,458.7228614890267,0.020494386124878042,0.3977954714565375
lightgbm,8,0.09762176369706697,471.8556284563617,760.7339219074132,0.03647411469649336,0.6105293661961247
lightgbm,9,0.07514699232755655,293.5952800512848,471.5349433305253,-0.03182936348747737,0.3791089668203042
lightgbm,10,0.10587330992133999,549.7166200615092,861.4394820475582,-0.023248234488475263,0.6164712929541483
lightgbm,11,0.0931195461734633,636.071044626192,975.4214283223681,-0.01696310526116696,0.7552748112098322
lightgbm,12,0.11659816732482922,879.8384354019751,1441.186020559385,-0.03415383099789749,1.0254991921922982
lightgbm,13,0.07635883311827402,394.54102229851975,574.9411247080233,-0.015706418207425913,0.5037378876729629
lightgbm,14,0.07899260404581103,365.7663451551958,704.1811534119723,-0.026504439465871298,0.4694284345783696
moyenne_mobile,1,0.1647840824052012,879.0528694064154,1316.9465475188963,0.02601796203791423,1.0165909148560064
moyenne_mobile,2,0.3962939668532603,1554.2232059871033,1991.1670597683508,0.3955929708582539,1.9086353269568634
moyenne_mobile,3,0.12862657726553087,669.2217536656747,1010.7893287507945,0.05199909297282183,0.7851815431276604
moyenne_mobile,4,0.14169287482606216,891.59388047123,1392.3211436297427,-0.13016749159797608,1.029107953470138
moyenne_mobile,5,0.25446337895898774,1868.1468437549602,2513.631457938152,-0.25446337895898774,2.2227056409929857
moyenne_mobile,6,0.1723808291976363,810.4014547139551,1112.9508999674538,0.16424251705723614,0.9580436926134323
moyenne_mobile,7,0.3642269989023372,1461.3027343468916,1846.856506175056,0.3642269989023372,1.7641285776817919
moyenne_mobile,8,0.2335624199105772,1128.9259511094579,1537.3958831058303,0.13238005545203066,1.2534171026538825
moyenne_mobile,9,0.4028360717161105,1573.858987924934,1993.4805128594846,0.4009325804374127,1.9197907855269354
moyenne_mobile,10,0.10775213125250534,559.4718578323414,816.0548531978224,0.05414978578767535,0.7097833828557903
moyenne_mobile,11,0.23153577234326989,1581.5498102662036,2410.0953350823415,-0.1987096241947344,1.734843810652768
moyenne_mobile,12,0.28398991064592694,2142.960257313161,3365.513945707343,-0.27465688007903327,2.458549050678972
moyenne_mobile,13,0.10096126473549147,521.6601534441137,773.6785419720743,0.059306944220784974,0.6616162273856688
moyenne_mobile,14,0.2083183755418896,964.5947461921297,1310.5342414126233,0.18205419853577176,1.214178155780828
naive_saisonnier,1,0.1228008279581022,655.0900949074073,992.0510647529723,-0.06466948537095843,0.7585447402506341
naive_saisonnier,2,0.12248570633552289,480.3760418055556,714.9814332877967,-0.0005461090711151237,0.600682369342103
naive_saisonnier,3,0.1405524712174089,731.2701097222222,1216.8743382970413,-0.0034381407557393835,0.8510464189689982
naive_saisonnier,4,0.1591086199054908,1001.1814074074074,1498.9557955923008,0.1437683981715889,1.1564278906538368
naive_saisonnier,5,0.16137918618346533,1184.7677986111112,1691.2749407657254,0.09428218486958943,1.4284669994592245
naive_saisonnier,6,0.13642784678461253,641.378313425926,942.3778522751834,0.11159661639491679,0.7746195128217334
naive_saisonnier,7,0.18346738776188382,736.0832563425926,1276.3899633539913,0.1504882899581984,0.8478839634345121
naive_saisonnier,8,0.0673732799730901,325.64932407407406,499.7887116868066,0.032291498988856825,0.4460959600008242
naive_saisonnier,9,0.13051432933947205,509.9125046296296,809.1134180657675,0.0032778522710299593,0.638165531002165
naive_saisonnier,10,0.11898894260650993,617.8157592592593,920.2386889076566,-0.001400783076868198,0.737272341344699
naive_saisonnier,11,0.1703328602768454,1163.4914990740742,1766.3684650210082,0.05364032816937498,1.3353006989874248
naive_saisonnier,12,0.272435862818511,2055.7745356481482,3015.5014058742004,0.06464260996184747,2.370639630060183
naive_saisonnier,13,0.1463473785976811,756.1671912037037,1121.2065963245543,0.011406126874487338,0.8775596126886476
naive_saisonnier,14,0.16914026254915593,783.184912037037,1262.4326163577614,-0.003142794706788593,0.9391940425441718
prophet,1,0.10898801818687162,581.4046400580258,865.4405611623223,0.04251435137494955,0.6915960468619275
prophet,2,0.16853581231534448,660.9797081200263,1036.9161357653131,0.13199866515784583,0.7874275777557551
prophet,3,0.1025102935473315,533.3432629161015,838.7584294811679,0.025630207676262548,0.6537384082902649
prophet,4,0.12294587212246308,773.6294951185789,1081.9208329663431,0.10827276217684162,0.9604199619492866
prophet,5,0.07468502937436958,548.3013016342996,807.2817600102663,0.04210970090454308,0.6906361212829495
prophet,6,0.17351824128242047,815.7486874219583,1183.1045497296775,0.16226544493334194,0.9548623832981722
prophet,7,0.2293466274044942,920.153790766318,1286.5782379933642,0.2253727089256041,1.0685969349995286
prophet,8,0.16990902079498646,821.2567029254783,1156.5926751215259,0.16467983740715852,0.9241111348562406
prophet,9,0.1798097047633905,702.5069000211711,1041.6913595521735,0.1528605465428192,0.8189143493565717
prophet,10,0.11472398952859941,595.6712207305991,860.9555874330891,0.038244322133608746,0.6888805673392412
prophet,11,0.13917144096292153,950.6374061415336,1486.9744645496273,0.02912541199916207,1.1399217074990862
prophet,12,0.1765596471387831,1332.3019328506352,2007.5856843972367,0.020625804038961866,1.5834140320363153
prophet,13,0.1257537760513541,649.7614137758034,994.6277205861724,0.06631499608915585,0.7809377119172711
prophet,14,0.16869123846976872,781.1057566732147,1167.764787189469,0.07035119510998138,0.9195234410469841
sarima,1,0.0731651934986763,390.30513352336357,604.6633264840423,-0.009746801932645573,0.4813353403403279
sarima,2,0.09205016561660313,361.0110561417035,533.9378871691007,0.0395746223351839,0.45108485273502347
sarima,3,0.12206622991773122,635.089405203294,1097.2089430614913,0.009956050054390169,0.7211950457462906
sarima,4,0.13253191174630016,833.9490720702057,1172.0749232274552,0.12293656862856168,0.9494825930756071
sarima,5,0.08840801719740232,649.0488296022367,970.5767506513358,0.053228481826293285,0.7835840965242936
sarima,6,0.12028861407043968,565.5041125045623,783.6147248520289,0.10790817315085721,0.6842585087502315
sarima,7,0.1420723942709147,570.003813141171,883.8392447259586,0.1295421353881349,0.6778979275804043
sarima,8,0.1044327800621427,504.7767342186205,690.6054090499927,0.09182953447842096,0.6411583652297823
sarima,9,0.11259638702122518,439.90806227033937,636.5715687756032,0.03933487682889941,0.5521049287809914
sarima,10,0.10048270340399999,521.727450770445,779.3582002210193,0.007716367960132184,0.6570303101082617
sarima,11,0.15313754503843258,1046.0355773495455,1578.194037994829,0.024978495144759992,1.285181118452836
sarima,12,0.19762954043866476,1491.293299356503,2183.0678196073627,0.010546262237940121,1.7672012241903705
sarima,13,0.09970727918325123,515.1808933307211,762.9062021567762,0.004362341660188327,0.6456869955234491
sarima,14,0.10899558823127571,504.6917800339123,871.0750236056747,-0.02807680361061473,0.5963347337288822
